category,material,price_text,price_etb,unit,last_checked,detail_url,scraped_at,last_checked_dt,days_since_update,is_outdated,unit_standard,price_etb_valid,material_clean
Roofing,Gutter-G-28 Galvanized Steel Recta. Downpipe Development Length 33 cm,420.00 Brper m,420.0,m,"May 29, 2024",https://con.2merkato.com/prices/material/6/81,2026-02-18 10:51:34,2024-05-29,630,True,meter,True,gutter-g-28 galvanized steel recta. downpipe development length 33 cm
Roofing,Gutter-G-28 Galvanized Steel Recta. Downpipe Development Length 50 cm,575.00 Brper m,575.0,m,"May 29, 2024",https://con.2merkato.com/prices/material/6/82,2026-02-18 10:51:34,2024-05-29,630,True,meter,True,gutter-g-28 galvanized steel recta. downpipe development length 50 cm
Roofing,Gutter-G-28 Galvanized Iron Sheet - Gutter of Development Length 33 cm,420.00 Brper m,420.0,m,"May 29, 2024",https://con.2merkato.com/prices/material/6/84,2026-02-18 10:51:34,2024-05-29,630,True,meter,True,gutter-g-28 galvanized iron sheet - gutter of development length 33 cm
Roofing,Gutter-G-28 Galvanized Iron Sheet - Gutter of Development Length 50 cm,889.00 Brper m,889.0,m,"Mar 1, 2024",https://con.2merkato.com/prices/material/6/85,2026-02-18 10:51:34,2024-03-01,719,True,meter,True,gutter-g-28 galvanized iron sheet - gutter of development length 50 cm
Roofing,Gutter-G-28 Galvanized Iron Sheet - Gutter of Development Length 67 cm,744.00 Brper m,744.0,m,"May 29, 2024",https://con.2merkato.com/prices/material/6/86,2026-02-18 10:51:34,2024-05-29,630,True,meter,True,gutter-g-28 galvanized iron sheet - gutter of development length 67 cm
Roofing,Gutter-G-28 Galvanized Iron Sheet - Gutter of Development Length 100 cm,993.00 Brper m,993.0,m,"May 29, 2024",https://con.2merkato.com/prices/material/6/87,2026-02-18 10:51:34,2024-05-29,630,True,meter,True,gutter-g-28 galvanized iron sheet - gutter of development length 100 cm
Roofing,15 cm Wide Faciaboard,600.00 Brper m,600.0,m,"May 29, 2024",https://con.2merkato.com/prices/material/6/88,2026-02-18 10:51:34,2024-05-29,630,True,meter,True,15 cm wide faciaboard
Roofing,20 cm. Wide Faciaboard,650.00 Brper m,650.0,m,"May 29, 2024",https://con.2merkato.com/prices/material/6/89,2026-02-18 10:51:34,2024-05-29,630,True,meter,True,20 cm. wide faciaboard
Roofing,G28 Corrugated Galvanized Iron Sheet - Akaki,"1,335.00 Brper pcs",1335.0,pcs,"Mar 1, 2024",https://con.2merkato.com/prices/material/6/90,2026-02-18 10:51:34,2024-03-01,719,True,piece,True,g28 corrugated galvanized iron sheet - akaki
Roofing,G28 Corrugated Galvanized Iron Sheet - KOSPI,"1,250.00 Brper pcs",1250.0,pcs,"Mar 1, 2024",https://con.2merkato.com/prices/material/6/91,2026-02-18 10:51:34,2024-03-01,719,True,piece,True,g28 corrugated galvanized iron sheet - kospi
Roofing,G30 Corrugated Galvanized Iron Sheet - Akaki,"1,275.00 Brper pcs",1275.0,pcs,"Mar 1, 2024",https://con.2merkato.com/prices/material/6/93,2026-02-18 10:51:34,2024-03-01,719,True,piece,True,g30 corrugated galvanized iron sheet - akaki
Roofing,G32 Corrugated Galvanized Iron Sheet - Akaki,"1,185.00 Brper pcs",1185.0,pcs,"Mar 1, 2024",https://con.2merkato.com/prices/material/6/96,2026-02-18 10:51:34,2024-03-01,719,True,piece,True,g32 corrugated galvanized iron sheet - akaki
Roofing,G32 Corrugated Galvanized Iron Sheet - KOSPI,"1,100.00 Brper pcs",1100.0,pcs,"Mar 1, 2024",https://con.2merkato.com/prices/material/6/98,2026-02-18 10:51:34,2024-03-01,719,True,piece,True,g32 corrugated galvanized iron sheet - kospi
Roofing,G35 Corrugated Galvanized Iron Sheet - Akaki,"1,000.00 Brper pcs",1000.0,pcs,"Mar 1, 2024",https://con.2merkato.com/prices/material/6/99,2026-02-18 10:51:34,2024-03-01,719,True,piece,True,g35 corrugated galvanized iron sheet - akaki
Roofing,G35 Corrugated Galvanized Iron Sheet - KOSPI,900.00 Brper pcs,900.0,pcs,"Mar 1, 2024",https://con.2merkato.com/prices/material/6/101,2026-02-18 10:51:34,2024-03-01,719,True,piece,True,g35 corrugated galvanized iron sheet - kospi
Roofing,Roofing Nails,450.00 Brper kg,450.0,kg,"May 29, 2024",https://con.2merkato.com/prices/material/6/102,2026-02-18 10:51:34,2024-05-29,630,True,kilogram,True,roofing nails
Roofing,Fixing Bands,350.00 Brper kg,350.0,kg,"Mar 1, 2024",https://con.2merkato.com/prices/material/6/105,2026-02-18 10:51:34,2024-03-01,719,True,kilogram,True,fixing bands
Roofing,Coated EGA 300 with 0.4mm,"1,684.00 Brper m2",1684.0,m2,"May 29, 2024",https://con.2merkato.com/prices/material/6/106,2026-02-18 10:51:34,2024-05-29,630,True,square_meter,True,coated ega 300 with 0.4mm
Roofing,Coated EGA 400 with 0.4mm,"1,710.00 Brper m2",1710.0,m2,"May 29, 2024",https://con.2merkato.com/prices/material/6/107,2026-02-18 10:51:34,2024-05-29,630,True,square_meter,True,coated ega 400 with 0.4mm
Roofing,Coated EGA 500 with 0.4mm,"1,794.00 Brper m2",1794.0,m2,"May 29, 2024",https://con.2merkato.com/prices/material/6/108,2026-02-18 10:51:34,2024-05-29,630,True,square_meter,True,coated ega 500 with 0.4mm
Roofing,EGA 500 & 4mm. Thick Galvanized,"1,375.00 Brper m2",1375.0,m2,"Mar 1, 2024",https://con.2merkato.com/prices/material/6/111,2026-02-18 10:51:34,2024-03-01,719,True,square_meter,True,ega 500 & 4mm. thick galvanized
Roofing,30 cm. Wide Faciaboard,640.00 Brper m,640.0,m,"May 29, 2024",https://con.2merkato.com/prices/material/6/375,2026-02-18 10:51:34,2024-05-29,630,True,meter,True,30 cm. wide faciaboard
Roofing,Coated EGA 400 with 0.5mm,"1,809.00 Brper lm",1809.0,lm,"May 29, 2024",https://con.2merkato.com/prices/material/6/466,2026-02-18 10:51:34,2024-05-29,630,True,lm,True,coated ega 400 with 0.5mm
Roofing,Coated EGA 500 with 0.5mm,"1,957.00 Brper lm",1957.0,lm,"May 29, 2024",https://con.2merkato.com/prices/material/6/467,2026-02-18 10:51:34,2024-05-29,630,True,lm,True,coated ega 500 with 0.5mm
Roofing,"Copping-G-28 Galvanized Steel copping, Development Length 25 cm",322.94 Brper lm,322.94,lm,"May 29, 2024",https://con.2merkato.com/prices/material/6/468,2026-02-18 10:51:34,2024-05-29,630,True,lm,True,"copping-g-28 galvanized steel copping, development length 25 cm"
Roofing,"Copping-G-28 Galvanized Steel copping, Development Length 33 cm",402.00 Brper lm,402.0,lm,"May 29, 2024",https://con.2merkato.com/prices/material/6/469,2026-02-18 10:51:34,2024-05-29,630,True,lm,True,"copping-g-28 galvanized steel copping, development length 33 cm"
Roofing,"Copping-G-28 Galvanized Steel copping, Development Length 50 cm",558.00 Brper lm,558.0,lm,"May 29, 2024",https://con.2merkato.com/prices/material/6/470,2026-02-18 10:51:34,2024-05-29,630,True,lm,True,"copping-g-28 galvanized steel copping, development length 50 cm"
Roofing,"Copping-G-30 Galvanized Steel copping, Development Length 25 cm",248.00 Brper lm,248.0,lm,"May 29, 2024",https://con.2merkato.com/prices/material/6/471,2026-02-18 10:51:34,2024-05-29,630,True,lm,True,"copping-g-30 galvanized steel copping, development length 25 cm"
Roofing,"Copping-G-30 Galvanized Steel copping, Development Length 33 cm",300.77 Brper lm,300.77,lm,"May 29, 2024",https://con.2merkato.com/prices/material/6/472,2026-02-18 10:51:34,2024-05-29,630,True,lm,True,"copping-g-30 galvanized steel copping, development length 33 cm"
Roofing,"Copping-G-30 Galvanized Steel copping, Development Length 50 cm",402.00 Brper lm,402.0,lm,"May 29, 2024",https://con.2merkato.com/prices/material/6/473,2026-02-18 10:51:34,2024-05-29,630,True,lm,True,"copping-g-30 galvanized steel copping, development length 50 cm"
Roofing,EGA 300 Ribbed Sheet Roof Cover 80cm-0.30mm (32G),"1,485.00 Brper lm",1485.0,lm,"May 29, 2024",https://con.2merkato.com/prices/material/6/474,2026-02-18 10:51:34,2024-05-29,630,True,lm,True,ega 300 ribbed sheet roof cover 80cm-0.30mm (32g)
Roofing,EGA 300 Ribbed Sheet Roof Cover 80cm-0.35mm (30G),"1,653.00 Brper lm",1653.0,lm,"May 29, 2024",https://con.2merkato.com/prices/material/6/475,2026-02-18 10:51:34,2024-05-29,630,True,lm,True,ega 300 ribbed sheet roof cover 80cm-0.35mm (30g)
Roofing,EGA 300 Ribbed Sheet Roof Cover 80cm-0.40mm (28G),"1,681.00 Brper lm",1681.0,lm,"May 29, 2024",https://con.2merkato.com/prices/material/6/476,2026-02-18 10:51:34,2024-05-29,630,True,lm,True,ega 300 ribbed sheet roof cover 80cm-0.40mm (28g)
Roofing,EGA 300 Ribbed Sheet Roof Cover 80cm-0.50mm (26G),"1,808.00 Brper lm",1808.0,lm,"May 29, 2024",https://con.2merkato.com/prices/material/6/477,2026-02-18 10:51:34,2024-05-29,630,True,lm,True,ega 300 ribbed sheet roof cover 80cm-0.50mm (26g)
Roofing,EGA 400 Ribbed Sheet Roof Cover 77cm-0.30mm,"1,485.00 Brper lm",1485.0,lm,"May 29, 2024",https://con.2merkato.com/prices/material/6/482,2026-02-18 10:51:34,2024-05-29,630,True,lm,True,ega 400 ribbed sheet roof cover 77cm-0.30mm
Roofing,EGA 400 Ribbed Sheet Roof Cover 77cm-0.35mm,"1,700.00 Brper lm",1700.0,lm,"May 29, 2024",https://con.2merkato.com/prices/material/6/483,2026-02-18 10:51:34,2024-05-29,630,True,lm,True,ega 400 ribbed sheet roof cover 77cm-0.35mm
Roofing,EGA 400 Ribbed Sheet Roof Cover 77cm-0.40mm,"1,730.00 Brper lm",1730.0,lm,"May 29, 2024",https://con.2merkato.com/prices/material/6/484,2026-02-18 10:51:34,2024-05-29,630,True,lm,True,ega 400 ribbed sheet roof cover 77cm-0.40mm
Roofing,EGA 400 Ribbed Sheet Roof Cover 77cm-0.50mm,"1,820.00 Brper lm",1820.0,lm,"May 29, 2024",https://con.2merkato.com/prices/material/6/485,2026-02-18 10:51:34,2024-05-29,630,True,lm,True,ega 400 ribbed sheet roof cover 77cm-0.50mm
Roofing,EGA 500 Ribbed Sheet Roof Cover 71cm-0.30mm,"1,710.00 Brper lm",1710.0,lm,"May 29, 2024",https://con.2merkato.com/prices/material/6/490,2026-02-18 10:51:34,2024-05-29,630,True,lm,True,ega 500 ribbed sheet roof cover 71cm-0.30mm
Roofing,EGA 500 Ribbed Sheet Roof Cover 71cm-0.35mm,"1,694.00 Brper lm",1694.0,lm,"May 29, 2024",https://con.2merkato.com/prices/material/6/491,2026-02-18 10:51:34,2024-05-29,630,True,lm,True,ega 500 ribbed sheet roof cover 71cm-0.35mm
Roofing,EGA 500 Ribbed Sheet Roof Cover 71cm-0.40mm,"1,790.00 Brper lm",1790.0,lm,"May 29, 2024",https://con.2merkato.com/prices/material/6/492,2026-02-18 10:51:34,2024-05-29,630,True,lm,True,ega 500 ribbed sheet roof cover 71cm-0.40mm
Roofing,EGA 500 Ribbed Sheet Roof Cover 71cm-0.50mm,"1,965.00 Brper lm",1965.0,lm,"May 29, 2024",https://con.2merkato.com/prices/material/6/493,2026-02-18 10:51:34,2024-05-29,630,True,lm,True,ega 500 ribbed sheet roof cover 71cm-0.50mm
Roofing,EGA 600 Ribbed Sheet Roof Cover 67cm-0.30mm,"1,335.00 Brper lm",1335.0,lm,"May 29, 2024",https://con.2merkato.com/prices/material/6/498,2026-02-18 10:51:34,2024-05-29,630,True,lm,True,ega 600 ribbed sheet roof cover 67cm-0.30mm
Roofing,EGA 600 Ribbed Sheet Roof Cover 67cm-0.35mm,"1,712.00 Brper lm",1712.0,lm,"May 29, 2024",https://con.2merkato.com/prices/material/6/499,2026-02-18 10:51:34,2024-05-29,630,True,lm,True,ega 600 ribbed sheet roof cover 67cm-0.35mm
Roofing,EGA 600 Ribbed Sheet Roof Cover 67cm-0.40mm,"1,794.00 Brper lm",1794.0,lm,"May 29, 2024",https://con.2merkato.com/prices/material/6/500,2026-02-18 10:51:34,2024-05-29,630,True,lm,True,ega 600 ribbed sheet roof cover 67cm-0.40mm
Roofing,EGA- 600 Ribbed Sheet Roof Cover- 67cmX0.50mm,"1,957.00 Brper lm",1957.0,lm,"May 29, 2024",https://con.2merkato.com/prices/material/6/501,2026-02-18 10:51:34,2024-05-29,630,True,lm,True,ega- 600 ribbed sheet roof cover- 67cmx0.50mm
Roofing,EGA 700 Ribbed Sheet Roof Cover- 63cmX0.30mm,"1,766.00 Brper lm",1766.0,lm,"May 29, 2024",https://con.2merkato.com/prices/material/6/506,2026-02-18 10:51:34,2024-05-29,630,True,lm,True,ega 700 ribbed sheet roof cover- 63cmx0.30mm
Roofing,EGA 700 Ribbed Sheet Roof Cover- 63cmX0.35mm,"1,945.00 Brper lm",1945.0,lm,"May 29, 2024",https://con.2merkato.com/prices/material/6/507,2026-02-18 10:51:34,2024-05-29,630,True,lm,True,ega 700 ribbed sheet roof cover- 63cmx0.35mm
Roofing,EGA 700 Ribbed Sheet Roof Cover- 63cmX0.40mm,"2,074.00 Brper lm",2074.0,lm,"May 29, 2024",https://con.2merkato.com/prices/material/6/508,2026-02-18 10:51:34,2024-05-29,630,True,lm,True,ega 700 ribbed sheet roof cover- 63cmx0.40mm
Roofing,EGA 700 Ribbed Sheet Roof Cover- 63cmX0.50mm,"2,198.00 Brper lm",2198.0,lm,"May 29, 2024",https://con.2merkato.com/prices/material/6/509,2026-02-18 10:51:34,2024-05-29,630,True,lm,True,ega 700 ribbed sheet roof cover- 63cmx0.50mm
Roofing,Gutter-G-28 Galvanized Iron Sheet - Gutter of Development Length 40 cm,575.00 Brper lm,575.0,lm,"May 29, 2024",https://con.2merkato.com/prices/material/6/516,2026-02-18 10:51:34,2024-05-29,630,True,lm,True,gutter-g-28 galvanized iron sheet - gutter of development length 40 cm
Roofing,Gutter-G-28 Galvanized Steel Recta. Downpipe Development Length 40 cm,590.00 Brper lm,590.0,lm,"May 29, 2024",https://con.2merkato.com/prices/material/6/521,2026-02-18 10:51:34,2024-05-29,630,True,lm,True,gutter-g-28 galvanized steel recta. downpipe development length 40 cm
Roofing,Gutter-G-30 Galvanized Iron Sheet - Gutter of Development Length 100 cm,726.00 Brper lm,726.0,lm,"May 29, 2024",https://con.2merkato.com/prices/material/6/524,2026-02-18 10:51:34,2024-05-29,630,True,lm,True,gutter-g-30 galvanized iron sheet - gutter of development length 100 cm
Roofing,Gutter-G-30 Galvanized Iron Sheet - Gutter of Development Length 33 cm,318.00 Brper lm,318.0,lm,"May 29, 2024",https://con.2merkato.com/prices/material/6/526,2026-02-18 10:51:34,2024-05-29,630,True,lm,True,gutter-g-30 galvanized iron sheet - gutter of development length 33 cm
Roofing,Gutter-G-30 Galvanized Iron Sheet - Gutter of Development Length 40 cm,420.00 Brper lm,420.0,lm,"May 29, 2024",https://con.2merkato.com/prices/material/6/528,2026-02-18 10:51:34,2024-05-29,630,True,lm,True,gutter-g-30 galvanized iron sheet - gutter of development length 40 cm
Roofing,Gutter-G-30 Galvanized Iron Sheet - Gutter of Development Length 50 cm,420.00 Brper lm,420.0,lm,"May 29, 2024",https://con.2merkato.com/prices/material/6/530,2026-02-18 10:51:34,2024-05-29,630,True,lm,True,gutter-g-30 galvanized iron sheet - gutter of development length 50 cm
Roofing,Gutter-G-30 Galvanized Iron Sheet - Gutter of Development Length 67 cm,540.00 Brper lm,540.0,lm,"May 29, 2024",https://con.2merkato.com/prices/material/6/532,2026-02-18 10:51:34,2024-05-29,630,True,lm,True,gutter-g-30 galvanized iron sheet - gutter of development length 67 cm
Roofing,Gutter-G-30 Galvanized Steel Recta. Downpipe Development Length 33 cm,318.00 Brper lm,318.0,lm,"May 29, 2024",https://con.2merkato.com/prices/material/6/534,2026-02-18 10:51:34,2024-05-29,630,True,lm,True,gutter-g-30 galvanized steel recta. downpipe development length 33 cm
Roofing,Gutter-G-30 Galvanized Steel Recta. Downpipe Development Length 40 cm,425.00 Brper lm,425.0,lm,"May 29, 2024",https://con.2merkato.com/prices/material/6/536,2026-02-18 10:51:34,2024-05-29,630,True,lm,True,gutter-g-30 galvanized steel recta. downpipe development length 40 cm
Roofing,"Gutter-G-30 Galvanized Steel recta. down pipe, Development Length 50 cm",438.00 Brper lm,438.0,lm,"May 29, 2024",https://con.2merkato.com/prices/material/6/538,2026-02-18 10:51:34,2024-05-29,630,True,lm,True,"gutter-g-30 galvanized steel recta. down pipe, development length 50 cm"
Roofing,"Metal Flashing-G-28 Galvanized Steel Flashing, Development Length 50 cm",769.00 Brper lm,769.0,lm,"May 29, 2024",https://con.2merkato.com/prices/material/6/548,2026-02-18 10:51:34,2024-05-29,630,True,lm,True,"metal flashing-g-28 galvanized steel flashing, development length 50 cm"
Roofing,"Metal Flashing-G-28 Galvanized Steel Flashing, Development Length 67 cm",942.00 Brper lm,942.0,lm,"May 29, 2024",https://con.2merkato.com/prices/material/6/549,2026-02-18 10:51:34,2024-05-29,630,True,lm,True,"metal flashing-g-28 galvanized steel flashing, development length 67 cm"
Roofing,"Metal Flashing-G-30 Galvanized Steel Flashing, Development Length 100 cm",902.00 Brper lm,902.0,lm,"May 29, 2024",https://con.2merkato.com/prices/material/6/550,2026-02-18 10:51:34,2024-05-29,630,True,lm,True,"metal flashing-g-30 galvanized steel flashing, development length 100 cm"
Roofing,"Metal Flashing-G-30 Galvanized Steel Flashing, Development Length 50 cm",609.00 Brper lm,609.0,lm,"May 29, 2024",https://con.2merkato.com/prices/material/6/551,2026-02-18 10:51:34,2024-05-29,630,True,lm,True,"metal flashing-g-30 galvanized steel flashing, development length 50 cm"
Roofing,"Metal Flashing-G-30 Galvanized Steel Flashing, Development Length 67 cm",710.00 Brper lm,710.0,lm,"May 29, 2024",https://con.2merkato.com/prices/material/6/552,2026-02-18 10:51:34,2024-05-29,630,True,lm,True,"metal flashing-g-30 galvanized steel flashing, development length 67 cm"
Roofing,Metal Flashing-Galvanized Sheet G-28 for Flashing 33cm,691.00 Brper pc,691.0,pc,"Mar 1, 2024",https://con.2merkato.com/prices/material/6/555,2026-02-18 10:51:34,2024-03-01,719,True,pc,True,metal flashing-galvanized sheet g-28 for flashing 33cm
Roofing,Metal Flashing-Galvanized Sheet G-28 for Flashing 50cm,907.00 Brper pc,907.0,pc,"Mar 1, 2024",https://con.2merkato.com/prices/material/6/556,2026-02-18 10:51:34,2024-03-01,719,True,pc,True,metal flashing-galvanized sheet g-28 for flashing 50cm
Roofing,Metal Flashing-Galvanized Sheet G-28 for Gutter 100cm,996.00 Brper pc,996.0,pc,"Mar 1, 2024",https://con.2merkato.com/prices/material/6/557,2026-02-18 10:51:34,2024-03-01,719,True,pc,True,metal flashing-galvanized sheet g-28 for gutter 100cm
Roofing,PVC Ceiling,600.00 Brper m2,600.0,m2,"Mar 1, 2024",https://con.2merkato.com/prices/material/6/560,2026-02-18 10:51:34,2024-03-01,719,True,square_meter,True,pvc ceiling
Roofing,"Roof Ridge-G-28 Galvanized Steel Roof Ridge, Development Length 33cm (0.4mm)",384.00 Brper lm,384.0,lm,"May 29, 2024",https://con.2merkato.com/prices/material/6/566,2026-02-18 10:51:34,2024-05-29,630,True,lm,True,"roof ridge-g-28 galvanized steel roof ridge, development length 33cm (0.4mm)"
Roofing,"Roof Ridge-G-28 Galvanized Steel Roof Ridge, Development Length 50 cm",540.00 Brper lm,540.0,lm,"May 29, 2024",https://con.2merkato.com/prices/material/6/567,2026-02-18 10:51:34,2024-05-29,630,True,lm,True,"roof ridge-g-28 galvanized steel roof ridge, development length 50 cm"
Roofing,"Roof Ridge-G-30 Galvanized Steel Roof Ridge, Development Length 50 cm",385.00 Brper lm,385.0,lm,"May 29, 2024",https://con.2merkato.com/prices/material/6/569,2026-02-18 10:51:34,2024-05-29,630,True,lm,True,"roof ridge-g-30 galvanized steel roof ridge, development length 50 cm"
Finishing,Terrazo tile: 20cm x 20cm,"1,864.00 Brper m2",1864.0,m2,"May 29, 2024",https://con.2merkato.com/prices/material/8/125,2026-02-18 10:51:38,2024-05-29,630,True,square_meter,True,terrazo tile: 20cm x 20cm
Finishing,Terrazo tile (good quality): 40cm x 40cm,"2,700.00 Brper 2 m2",2700.0,2,"May 29, 2024",https://con.2merkato.com/prices/material/8/126,2026-02-18 10:51:38,2024-05-29,630,True,2,True,terrazo tile (good quality): 40cm x 40cm
Finishing,"Marble: 2cm thick white marble (Welega, Saba, Gojam)","6,400.00 Brper m2",6400.0,m2,"May 29, 2024",https://con.2merkato.com/prices/material/8/127,2026-02-18 10:51:38,2024-05-29,630,True,square_meter,True,"marble: 2cm thick white marble (welega, saba, gojam)"
Finishing,"Marble: 3cm thick white marble (Welega, Saba, Gojam)","7,100.00 Brper m2",7100.0,m2,"May 29, 2024",https://con.2merkato.com/prices/material/8/128,2026-02-18 10:51:38,2024-05-29,630,True,square_meter,True,"marble: 3cm thick white marble (welega, saba, gojam)"
Finishing,Granite: 2cm thick (Ethiopia),"4,700.00 Brper m2",4700.0,m2,"May 29, 2024",https://con.2merkato.com/prices/material/8/129,2026-02-18 10:51:38,2024-05-29,630,True,square_meter,True,granite: 2cm thick (ethiopia)
Finishing,Granite: 3cm thick (Ethiopia),"6,500.00 Brper m2",6500.0,m2,"May 29, 2024",https://con.2merkato.com/prices/material/8/130,2026-02-18 10:51:38,2024-05-29,630,True,square_meter,True,granite: 3cm thick (ethiopia)
Finishing,Granite: 2cm thick (Imported),"5,000.00 Brper m2",5000.0,m2,"May 29, 2024",https://con.2merkato.com/prices/material/8/131,2026-02-18 10:51:38,2024-05-29,630,True,square_meter,True,granite: 2cm thick (imported)
Finishing,Granite: 3cm thick (Imported),"7,300.00 Brper m2",7300.0,m2,"May 29, 2024",https://con.2merkato.com/prices/material/8/132,2026-02-18 10:51:38,2024-05-29,630,True,square_meter,True,granite: 3cm thick (imported)
Finishing,Ceramic tile: 30cm x 20cm - 7mm thick,925.00 Brper m2,925.0,m2,"May 29, 2024",https://con.2merkato.com/prices/material/8/136,2026-02-18 10:51:38,2024-05-29,630,True,square_meter,True,ceramic tile: 30cm x 20cm - 7mm thick
Finishing,Ceramic tile: 30cm x 30cm - 7mm thick,"2,940.00 Brper m2",2940.0,m2,"May 29, 2024",https://con.2merkato.com/prices/material/8/137,2026-02-18 10:51:38,2024-05-29,630,True,square_meter,True,ceramic tile: 30cm x 30cm - 7mm thick
Finishing,Ceramic tile: 40cm x 40cm - 9mm thick,"3,495.00 Brper m2",3495.0,m2,"May 29, 2024",https://con.2merkato.com/prices/material/8/138,2026-02-18 10:51:38,2024-05-29,630,True,square_meter,True,ceramic tile: 40cm x 40cm - 9mm thick
Finishing,Ceramic tile: 30cm x 40cm - 10mm thick,"1,500.00 Brper m2",1500.0,m2,"Feb 1, 2024",https://con.2merkato.com/prices/material/8/140,2026-02-18 10:51:38,2024-02-01,748,True,square_meter,True,ceramic tile: 30cm x 40cm - 10mm thick
Finishing,Ceramic tile: 30cm x 60cm - 10mm thick,"2,100.00 Brper m2",2100.0,m2,"May 29, 2024",https://con.2merkato.com/prices/material/8/141,2026-02-18 10:51:38,2024-05-29,630,True,square_meter,True,ceramic tile: 30cm x 60cm - 10mm thick
Finishing,Ceramic tile: 60cm x 60cm - 10mm thick,"3,800.00 Brper m2",3800.0,m2,"May 29, 2024",https://con.2merkato.com/prices/material/8/142,2026-02-18 10:51:38,2024-05-29,630,True,square_meter,True,ceramic tile: 60cm x 60cm - 10mm thick
Finishing,Porceline: 40cm x 40cm - 10mm thick,"3,000.00 Brper m2",3000.0,m2,"Feb 1, 2024",https://con.2merkato.com/prices/material/8/143,2026-02-18 10:51:38,2024-02-01,748,True,square_meter,True,porceline: 40cm x 40cm - 10mm thick
Finishing,Parquet: Weira,"2,110.00 Brper m2",2110.0,m2,"Dec 1, 2023",https://con.2merkato.com/prices/material/8/144,2026-02-18 10:51:38,2023-12-01,810,True,square_meter,True,parquet: weira
Finishing,Parquet: Tid,"1,700.00 Brper m2",1700.0,m2,"Dec 1, 2023",https://con.2merkato.com/prices/material/8/145,2026-02-18 10:51:38,2023-12-01,810,True,square_meter,True,parquet: tid
Finishing,PVC skirting: 8cm high (Ethiopia),"1,200.00 Brper m",1200.0,m,"May 29, 2024",https://con.2merkato.com/prices/material/8/149,2026-02-18 10:51:38,2024-05-29,630,True,meter,True,pvc skirting: 8cm high (ethiopia)
Finishing,Mosaic tile,"1,600.00 Brper m2",1600.0,m2,"Dec 1, 2023",https://con.2merkato.com/prices/material/8/150,2026-02-18 10:51:38,2023-12-01,810,True,square_meter,True,mosaic tile
Finishing,Fisher,320.00 Brper pkt,320.0,pkt,"May 29, 2024",https://con.2merkato.com/prices/material/8/157,2026-02-18 10:51:38,2024-05-29,630,True,pkt,True,fisher
Finishing,Ceramic tile: 30cm x 30cm - 10mm thick local,"2,750.00 Brper m2",2750.0,m2,"May 29, 2024",https://con.2merkato.com/prices/material/8/897,2026-02-18 10:51:38,2024-05-29,630,True,square_meter,True,ceramic tile: 30cm x 30cm - 10mm thick local
Concrete Work,Cement - OPC Mugar,720.00 Brper quintal,720.0,quintal,"Oct 16, 2021",https://con.2merkato.com/prices/material/2/3,2026-02-18 10:51:42,2021-10-16,1586,True,quintal,True,cement - opc mugar
Concrete Work,Cement - PPC Mugar,"1,500.00 Brper quintal",1500.0,quintal,"Aug 10, 2024",https://con.2merkato.com/prices/material/2/14,2026-02-18 10:51:42,2024-08-10,557,True,quintal,True,cement - ppc mugar
Concrete Work,Cement - PPC Mesebo,"2,000.00 Brper kg",2000.0,kg,"Mar 25, 2023",https://con.2merkato.com/prices/material/2/15,2026-02-18 10:51:42,2023-03-25,1061,True,kilogram,True,cement - ppc mesebo
Concrete Work,Cement - OPC Mesebo,320.00 Brper quintal,320.0,quintal,"Nov 28, 2018",https://con.2merkato.com/prices/material/2/16,2026-02-18 10:51:42,2018-11-28,2639,True,quintal,True,cement - opc mesebo
Concrete Work,Cement - PPC Derba,"1,500.00 Brper quintal",1500.0,quintal,"Aug 10, 2024",https://con.2merkato.com/prices/material/2/17,2026-02-18 10:51:42,2024-08-10,557,True,quintal,True,cement - ppc derba
Concrete Work,Cement - OPC Derba,630.00 Brper quintal,630.0,quintal,"Dec 25, 2021",https://con.2merkato.com/prices/material/2/18,2026-02-18 10:51:42,2021-12-25,1516,True,quintal,True,cement - opc derba
Concrete Work,Cement - PPC Dangote,"1,580.00 Brper quintal",1580.0,quintal,"Aug 10, 2024",https://con.2merkato.com/prices/material/2/19,2026-02-18 10:51:42,2024-08-10,557,True,quintal,True,cement - ppc dangote
Concrete Work,Cement - OPC Dangote,700.00 Brper quintal,700.0,quintal,"Nov 20, 2021",https://con.2merkato.com/prices/material/2/20,2026-02-18 10:51:42,2021-11-20,1551,True,quintal,True,cement - opc dangote
Concrete Work,Sand (hauling distance less than 5km in Addis Ababa),"3,000.00 Brper m3",3000.0,m3,"Aug 10, 2024",https://con.2merkato.com/prices/material/2/21,2026-02-18 10:51:42,2024-08-10,557,True,m3,True,sand (hauling distance less than 5km in addis ababa)
Concrete Work,Sand (hauling distance more than 5km in Addis Ababa),"3,200.00 Brper m3",3200.0,m3,"Aug 10, 2024",https://con.2merkato.com/prices/material/2/22,2026-02-18 10:51:42,2024-08-10,557,True,m3,True,sand (hauling distance more than 5km in addis ababa)
Concrete Work,Gravel (02) Material Price at Crusher Site,"4,200.00 Brper m3",4200.0,m3,"Aug 10, 2024",https://con.2merkato.com/prices/material/2/23,2026-02-18 10:51:42,2024-08-10,557,True,m3,True,gravel (02) material price at crusher site
Concrete Work,Fino (00) material price at crusher site,"4,000.00 Brper m3",4000.0,m3,"Aug 10, 2024",https://con.2merkato.com/prices/material/2/24,2026-02-18 10:51:42,2024-08-10,557,True,m3,True,fino (00) material price at crusher site
Concrete Work,Reinforcement Bar -Ethiopia: 6mm,175.00 Brper kg,175.0,kg,"Aug 10, 2024",https://con.2merkato.com/prices/material/2/25,2026-02-18 10:51:42,2024-08-10,557,True,kilogram,True,reinforcement bar -ethiopia: 6mm
Concrete Work,Reinforcement Bar - Ethiopia: 8mm,124.07 Brper kg,124.07,kg,"Aug 10, 2024",https://con.2merkato.com/prices/material/2/26,2026-02-18 10:51:42,2024-08-10,557,True,kilogram,True,reinforcement bar - ethiopia: 8mm
Concrete Work,Reinforcement Bar Ethiopia: 10mm,124.06 Brper kg,124.06,kg,"Aug 10, 2024",https://con.2merkato.com/prices/material/2/27,2026-02-18 10:51:42,2024-08-10,557,True,kilogram,True,reinforcement bar ethiopia: 10mm
Concrete Work,Reinforcement Bar -Ethiopia: 12mm,124.06 Brper kg,124.06,kg,"Aug 10, 2024",https://con.2merkato.com/prices/material/2/28,2026-02-18 10:51:42,2024-08-10,557,True,kilogram,True,reinforcement bar -ethiopia: 12mm
Concrete Work,Reinforcement Bar -Ethiopia: 14mm,124.06 Brper kg,124.06,kg,"Aug 10, 2024",https://con.2merkato.com/prices/material/2/29,2026-02-18 10:51:42,2024-08-10,557,True,kilogram,True,reinforcement bar -ethiopia: 14mm
Concrete Work,Reinforcement Bar -Ethiopia: 16mm,124.06 Brper kg,124.06,kg,"Aug 10, 2024",https://con.2merkato.com/prices/material/2/30,2026-02-18 10:51:42,2024-08-10,557,True,kilogram,True,reinforcement bar -ethiopia: 16mm
Concrete Work,Reinforcement Bar -Ethiopia: 20mm,124.06 Brper kg,124.06,kg,"Aug 10, 2024",https://con.2merkato.com/prices/material/2/31,2026-02-18 10:51:42,2024-08-10,557,True,kilogram,True,reinforcement bar -ethiopia: 20mm
Concrete Work,Reinforcement Bar(Ethiopia): 24mm,124.02 Brper kg,124.02,kg,"Aug 10, 2024",https://con.2merkato.com/prices/material/2/32,2026-02-18 10:51:42,2024-08-10,557,True,kilogram,True,reinforcement bar(ethiopia): 24mm
Concrete Work,Reinforcement Bar -Ethiopia: 30mm,124.06 Brper kg,124.06,kg,"Aug 10, 2024",https://con.2merkato.com/prices/material/2/33,2026-02-18 10:51:42,2024-08-10,557,True,kilogram,True,reinforcement bar -ethiopia: 30mm
Concrete Work,Reinforcement Bar (Ethiopia): 32mm,124.06 Brper kg,124.06,kg,"Aug 10, 2024",https://con.2merkato.com/prices/material/2/34,2026-02-18 10:51:42,2024-08-10,557,True,kilogram,True,reinforcement bar (ethiopia): 32mm
Concrete Work,Reinforcement Bar - Imported: 6mm,175.00 Brper kg,175.0,kg,"Aug 10, 2024",https://con.2merkato.com/prices/material/2/45,2026-02-18 10:51:42,2024-08-10,557,True,kilogram,True,reinforcement bar - imported: 6mm
Concrete Work,Reinforcement Bar - Imported: 8mm,134.00 Brper kg,134.0,kg,"Aug 10, 2024",https://con.2merkato.com/prices/material/2/46,2026-02-18 10:51:42,2024-08-10,557,True,kilogram,True,reinforcement bar - imported: 8mm
Concrete Work,Reinforcement Bar - Imported: 10mm,134.07 Brper kg,134.07,kg,"Aug 10, 2024",https://con.2merkato.com/prices/material/2/47,2026-02-18 10:51:42,2024-08-10,557,True,kilogram,True,reinforcement bar - imported: 10mm
Concrete Work,Reinforcement Bar - Imported: 12mm,134.07 Brper kg,134.07,kg,"Aug 10, 2024",https://con.2merkato.com/prices/material/2/48,2026-02-18 10:51:42,2024-08-10,557,True,kilogram,True,reinforcement bar - imported: 12mm
Concrete Work,Reinforcement Bar - Imported: 14mm,134.07 Brper kg,134.07,kg,"Aug 10, 2024",https://con.2merkato.com/prices/material/2/49,2026-02-18 10:51:42,2024-08-10,557,True,kilogram,True,reinforcement bar - imported: 14mm
Concrete Work,Reinforcement Bar - Imported: 16mm,134.07 Brper kg,134.07,kg,"Aug 10, 2024",https://con.2merkato.com/prices/material/2/50,2026-02-18 10:51:42,2024-08-10,557,True,kilogram,True,reinforcement bar - imported: 16mm
Concrete Work,Reinforcement Bar - Imported: 20mm,134.07 Brper kg,134.07,kg,"Aug 10, 2024",https://con.2merkato.com/prices/material/2/51,2026-02-18 10:51:42,2024-08-10,557,True,kilogram,True,reinforcement bar - imported: 20mm
Concrete Work,Reinforcement Bar - Imported: 24mm,134.07 Brper kg,134.07,kg,"Aug 10, 2024",https://con.2merkato.com/prices/material/2/52,2026-02-18 10:51:42,2024-08-10,557,True,kilogram,True,reinforcement bar - imported: 24mm
Concrete Work,Reinforcement Bar - Imported: 30mm,134.07 Brper kg,134.07,kg,"Aug 10, 2024",https://con.2merkato.com/prices/material/2/53,2026-02-18 10:51:42,2024-08-10,557,True,kilogram,True,reinforcement bar - imported: 30mm
Concrete Work,Reinforcement Bar - Imported: 32mm,134.07 Brper kg,134.07,kg,"Aug 10, 2024",https://con.2merkato.com/prices/material/2/54,2026-02-18 10:51:42,2024-08-10,557,True,kilogram,True,reinforcement bar - imported: 32mm
Concrete Work,Black annealed wire -1.5mm,220.00 Brper kg,220.0,kg,"Jun 8, 2024",https://con.2merkato.com/prices/material/2/55,2026-02-18 10:51:42,2024-06-08,620,True,kilogram,True,black annealed wire -1.5mm
Concrete Work,Cement - PPC Ethio,"1,450.00 Brper qt",1450.0,qt,"Aug 10, 2024",https://con.2merkato.com/prices/material/2/420,2026-02-18 10:51:42,2024-08-10,557,True,qt,True,cement - ppc ethio
Concrete Work,Cement - PPC Habesha,"1,450.00 Brper qt",1450.0,qt,"Aug 10, 2024",https://con.2merkato.com/prices/material/2/421,2026-02-18 10:51:42,2024-08-10,557,True,qt,True,cement - ppc habesha
Painting,Plastic Paint,300.00 Brper gal,300.0,gal,"Jun 1, 2023",https://con.2merkato.com/prices/material/10/164,2026-02-18 10:51:47,2023-06-01,993,True,gal,True,plastic paint
Painting,Quartz Paint 200 (16lit or 25kg),"1,550.00 Brper gal",1550.0,gal,"Aug 1, 2023",https://con.2merkato.com/prices/material/10/166,2026-02-18 10:51:47,2023-08-01,932,True,gal,True,quartz paint 200 (16lit or 25kg)
Painting,Varnish Paint,"1,450.00 Brper gal",1450.0,gal,"Aug 1, 2023",https://con.2merkato.com/prices/material/10/167,2026-02-18 10:51:47,2023-08-01,932,True,gal,True,varnish paint
Painting,Budget Emulsion paint,93.00 Brper lt,93.0,lt,"Aug 1, 2023",https://con.2merkato.com/prices/material/10/848,2026-02-18 10:51:47,2023-08-01,932,True,lt,True,budget emulsion paint
Painting,Super Emulsion paint,144.00 Brper lt,144.0,lt,"Aug 1, 2023",https://con.2merkato.com/prices/material/10/849,2026-02-18 10:51:47,2023-08-01,932,True,lt,True,super emulsion paint
Painting,Classic 2000+ Tint colors,642.00 Brper lt,642.0,lt,"Aug 1, 2023",https://con.2merkato.com/prices/material/10/850,2026-02-18 10:51:47,2023-08-01,932,True,lt,True,classic 2000+ tint colors
Painting,Ecosilk Artique Special Pearl paint,882.00 Brper kg,882.0,kg,"Aug 1, 2023",https://con.2merkato.com/prices/material/10/851,2026-02-18 10:51:47,2023-08-01,932,True,kilogram,True,ecosilk artique special pearl paint
Painting,Perfex Acrylic Emulsion paint,317.00 Brper lt,317.0,lt,"Aug 1, 2023",https://con.2merkato.com/prices/material/10/852,2026-02-18 10:51:47,2023-08-01,932,True,lt,True,perfex acrylic emulsion paint
Painting,Weather Guard Emulsion/Clear,443.75 Brper lt,443.75,lt,"Aug 1, 2023",https://con.2merkato.com/prices/material/10/853,2026-02-18 10:51:47,2023-08-01,932,True,lt,True,weather guard emulsion/clear
Painting,Decra Roof Coating Basecoat,150.00 Brper lt,150.0,lt,"Aug 1, 2023",https://con.2merkato.com/prices/material/10/854,2026-02-18 10:51:47,2023-08-01,932,True,lt,True,decra roof coating basecoat
Painting,Premium Acyrylic Wall Putty,96.75 Brper lt,96.75,lt,"Aug 1, 2023",https://con.2merkato.com/prices/material/10/855,2026-02-18 10:51:47,2023-08-01,932,True,lt,True,premium acyrylic wall putty
Painting,Exterior Wall Primer,71.88 Brper lt,71.88,lt,"Aug 1, 2023",https://con.2merkato.com/prices/material/10/856,2026-02-18 10:51:47,2023-08-01,932,True,lt,True,exterior wall primer
Painting,Texture Paint (Quartz),109.38 Brper lt,109.38,lt,"Aug 1, 2023",https://con.2merkato.com/prices/material/10/857,2026-02-18 10:51:47,2023-08-01,932,True,lt,True,texture paint (quartz)
Painting,Stone Paint (Spray) CCD,193.75 Brper lt,193.75,lt,"Aug 1, 2023",https://con.2merkato.com/prices/material/10/858,2026-02-18 10:51:47,2023-08-01,932,True,lt,True,stone paint (spray) ccd
Painting,Texura Sparol (Spray paint),128.75 Brper lt,128.75,lt,"Aug 1, 2023",https://con.2merkato.com/prices/material/10/859,2026-02-18 10:51:47,2023-08-01,932,True,lt,True,texura sparol (spray paint)
Painting,Texture Paint (Quartz) Super White,109.38 Brper lt,109.38,lt,"Aug 1, 2023",https://con.2merkato.com/prices/material/10/860,2026-02-18 10:51:47,2023-08-01,932,True,lt,True,texture paint (quartz) super white
Painting,Anti Rust Primer,320.00 Brper kg,320.0,kg,"Aug 1, 2023",https://con.2merkato.com/prices/material/10/861,2026-02-18 10:51:47,2023-08-01,932,True,kilogram,True,anti rust primer
Painting,Budget Synthetic Enamel,295.00 Brper kg,295.0,kg,"Aug 1, 2023",https://con.2merkato.com/prices/material/10/862,2026-02-18 10:51:47,2023-08-01,932,True,kilogram,True,budget synthetic enamel
Painting,Superset Anti rust Primer,305.00 Brper kg,305.0,kg,"Aug 1, 2023",https://con.2merkato.com/prices/material/10/863,2026-02-18 10:51:47,2023-08-01,932,True,kilogram,True,superset anti rust primer
Painting,Superset Fast Dry Enamel,450.00 Brper kg,450.0,kg,"Aug 1, 2023",https://con.2merkato.com/prices/material/10/864,2026-02-18 10:51:47,2023-08-01,932,True,kilogram,True,superset fast dry enamel
Painting,Traffic Paint (Road Marking),412.00 Brper kg,412.0,kg,"Aug 1, 2023",https://con.2merkato.com/prices/material/10/865,2026-02-18 10:51:47,2023-08-01,932,True,kilogram,True,traffic paint (road marking)
Painting,Timbercoat Alkyd Varnish,365.00 Brper kg,365.0,kg,"Aug 1, 2023",https://con.2merkato.com/prices/material/10/866,2026-02-18 10:51:47,2023-08-01,932,True,kilogram,True,timbercoat alkyd varnish
Painting,Timbercoat Synthetic Wood Glue,293.75 Brper lt,293.75,lt,"Aug 1, 2023",https://con.2merkato.com/prices/material/10/867,2026-02-18 10:51:47,2023-08-01,932,True,lt,True,timbercoat synthetic wood glue
Painting,Timbercoat Nc Sealer,600.00 Brper kg,600.0,kg,"Aug 1, 2023",https://con.2merkato.com/prices/material/10/869,2026-02-18 10:51:47,2023-08-01,932,True,kilogram,True,timbercoat nc sealer
Painting,Timbercoat Nc Paint,700.00 Brper kg,700.0,kg,"Aug 1, 2023",https://con.2merkato.com/prices/material/10/871,2026-02-18 10:51:47,2023-08-01,932,True,kilogram,True,timbercoat nc paint
Painting,Timbercoat 2K Pu Sealer,535.00 Brper kg,535.0,kg,"Aug 1, 2023",https://con.2merkato.com/prices/material/10/872,2026-02-18 10:51:47,2023-08-01,932,True,kilogram,True,timbercoat 2k pu sealer
Painting,Timbercoat 2K Pu White Primer,680.00 Brper kg,680.0,kg,"Aug 1, 2023",https://con.2merkato.com/prices/material/10/873,2026-02-18 10:51:47,2023-08-01,932,True,kilogram,True,timbercoat 2k pu white primer
Painting,Timbercoat 2K Pu Paint,815.00 Brper kg,815.0,kg,"Aug 1, 2023",https://con.2merkato.com/prices/material/10/874,2026-02-18 10:51:47,2023-08-01,932,True,kilogram,True,timbercoat 2k pu paint
Painting,Timbercoat 2K Pu Lacquer Matt/Glossy,610.00 Brper kg,610.0,kg,"Aug 1, 2023",https://con.2merkato.com/prices/material/10/875,2026-02-18 10:51:47,2023-08-01,932,True,kilogram,True,timbercoat 2k pu lacquer matt/glossy
Painting,Timbercoat 2k Pu Hardener,435.00 Brper kg,435.0,kg,"Aug 1, 2023",https://con.2merkato.com/prices/material/10/876,2026-02-18 10:51:47,2023-08-01,932,True,kilogram,True,timbercoat 2k pu hardener
Painting,Epoxy Primer,826.00 Brper kg,826.0,kg,"Aug 1, 2023",https://con.2merkato.com/prices/material/10/877,2026-02-18 10:51:47,2023-08-01,932,True,kilogram,True,epoxy primer
Painting,Epoxy Primer Hardener,850.00 Brper kg,850.0,kg,"Aug 1, 2023",https://con.2merkato.com/prices/material/10/878,2026-02-18 10:51:47,2023-08-01,932,True,kilogram,True,epoxy primer hardener
Painting,Epoxy Topcoat Paint,"1,162.00 Brper kg",1162.0,kg,"Aug 1, 2023",https://con.2merkato.com/prices/material/10/879,2026-02-18 10:51:47,2023-08-01,932,True,kilogram,True,epoxy topcoat paint
Painting,Epoxy Topcoat Paint Hardener,"2,200.00 Brper kg",2200.0,kg,"Aug 1, 2023",https://con.2merkato.com/prices/material/10/880,2026-02-18 10:51:47,2023-08-01,932,True,kilogram,True,epoxy topcoat paint hardener
Painting,Epoxy Silica Sand,15.00 Brper kg,15.0,kg,"Aug 1, 2023",https://con.2merkato.com/prices/material/10/881,2026-02-18 10:51:47,2023-08-01,932,True,kilogram,True,epoxy silica sand
Painting,Epoxy Clear Topcoat(3KG),"1,137.00 Brper kg",1137.0,kg,"Aug 1, 2023",https://con.2merkato.com/prices/material/10/882,2026-02-18 10:51:47,2023-08-01,932,True,kilogram,True,epoxy clear topcoat(3kg)
Painting,Epoxy Clear Topcoat Paint Hardener,"2,200.00 Brper kg",2200.0,kg,"Aug 1, 2023",https://con.2merkato.com/prices/material/10/883,2026-02-18 10:51:47,2023-08-01,932,True,kilogram,True,epoxy clear topcoat paint hardener
Painting,Epoxy Zink Phosphate Primer,850.00 Brper kg,850.0,kg,"Aug 1, 2023",https://con.2merkato.com/prices/material/10/884,2026-02-18 10:51:47,2023-08-01,932,True,kilogram,True,epoxy zink phosphate primer
Painting,Epoxy Zink Phosphate Hardner,850.00 Brper kg,850.0,kg,"Aug 1, 2023",https://con.2merkato.com/prices/material/10/885,2026-02-18 10:51:47,2023-08-01,932,True,kilogram,True,epoxy zink phosphate hardner
Painting,Epoxy Wall Paint (3KG),800.00 Brper kg,800.0,kg,"Aug 1, 2023",https://con.2merkato.com/prices/material/10/886,2026-02-18 10:51:47,2023-08-01,932,True,kilogram,True,epoxy wall paint (3kg)
Painting,Epoxy Wall Paint Hardener,850.00 Brper kg,850.0,kg,"Jun 1, 2023",https://con.2merkato.com/prices/material/10/887,2026-02-18 10:51:47,2023-06-01,993,True,kilogram,True,epoxy wall paint hardener
Painting,Epoxy Wood/Parquet Lacquer,850.00 Brper kg,850.0,kg,"Aug 1, 2023",https://con.2merkato.com/prices/material/10/888,2026-02-18 10:51:47,2023-08-01,932,True,kilogram,True,epoxy wood/parquet lacquer
Painting,Epoxy Wood/Parquet Hardner,850.00 Brper kg,850.0,kg,"Aug 1, 2023",https://con.2merkato.com/prices/material/10/889,2026-02-18 10:51:47,2023-08-01,932,True,kilogram,True,epoxy wood/parquet hardner
Painting,Autocoat Polyester Putty,220.00 Brper kg,220.0,kg,"Aug 1, 2023",https://con.2merkato.com/prices/material/10/890,2026-02-18 10:51:47,2023-08-01,932,True,kilogram,True,autocoat polyester putty
Painting,Autocoat Nc Primer Grey,440.00 Brper kg,440.0,kg,"Aug 1, 2023",https://con.2merkato.com/prices/material/10/891,2026-02-18 10:51:47,2023-08-01,932,True,kilogram,True,autocoat nc primer grey
Painting,Autocoat Nc Putty/Stucco,420.00 Brper kg,420.0,kg,"Aug 1, 2023",https://con.2merkato.com/prices/material/10/892,2026-02-18 10:51:47,2023-08-01,932,True,kilogram,True,autocoat nc putty/stucco
Painting,Autocoat 2K Pu Paint,720.00 Brper kg,720.0,kg,"Aug 1, 2023",https://con.2merkato.com/prices/material/10/894,2026-02-18 10:51:47,2023-08-01,932,True,kilogram,True,autocoat 2k pu paint
Painting,Autocoat Nc Paint,490.00 Brper kg,490.0,kg,"Aug 1, 2023",https://con.2merkato.com/prices/material/10/895,2026-02-18 10:51:47,2023-08-01,932,True,kilogram,True,autocoat nc paint
Painting,Super Synthetic Enamel,345.00 Brper kg,345.0,kg,"Aug 1, 2023",https://con.2merkato.com/prices/material/10/896,2026-02-18 10:51:47,2023-08-01,932,True,kilogram,True,super synthetic enamel
